[{"model": "viewer.genre", "pk": 1, "fields": {"name": "Adventure", "description": "Adventure description"}}, {"model": "viewer.genre", "pk": 2, "fields": {"name": "Action", "description": "Action description"}}, {"model": "viewer.genre", "pk": 3, "fields": {"name": "Shooter", "description": "Shooter description"}}, {"model": "viewer.genre", "pk": 4, "fields": {"name": "Fighting", "description": "Fighting description"}}, {"model": "viewer.genre", "pk": 5, "fields": {"name": "Multiplayer", "description": "Multiplayer description"}}, {"model": "viewer.genre", "pk": 6, "fields": {"name": "Board Game", "description": "Board Game description"}}, {"model": "viewer.genre", "pk": 7, "fields": {"name": "Racing", "description": "Racing description"}}, {"model": "viewer.genre", "pk": 8, "fields": {"name": "Co-op", "description": "Co-op description"}}, {"model": "viewer.genre", "pk": 9, "fields": {"name": "Farming", "description": "Farming description"}}, {"model": "viewer.genre", "pk": 10, "fields": {"name": "Simulator", "description": "Simulator description"}}, {"model": "viewer.genre", "pk": 11, "fields": {"name": "RPG", "description": "RPG description"}}, {"model": "viewer.genre", "pk": 12, "fields": {"name": "Fantasy", "description": "Fantasy description"}}, {"model": "viewer.developer", "pk": 1, "fields": {"name": "Hopoo Games", "website": "https://www.hopoogames.com", "about": "Who We Are\r\nHopoo Games was founded in 2012 with a creative vision – to make games we like to play! \r\n\r\nSince then, we have made multiple award-winning, genre defining games – and intend to continue doing just that. We pride ourselves in our innovative and agile designs, and we’re always looking for exciting game ideas to bring to life.\r\n\r\nWe are actively looking to bring on more talent to help bring our visions to life. If you’re interested, hop on over to our Jobs page!"}}, {"model": "viewer.developer", "pk": 2, "fields": {"name": "Cygames, Inc.", "website": "https://www.cygames.co.jp/en/", "about": "Our vision at Cygames is to be the best in entertainment.\r\nIn pursuit of this, we strive to craft unparalleled experiences that ignite imaginations, tug heartstrings, and inspire new passions. Whether through games, animation, comics, or other mediums, we're committed to sharing these unforgettable moments with the world."}}, {"model": "viewer.developer", "pk": 3, "fields": {"name": "Arc System Works", "website": "https://www.arcsystemworks.com", "about": "Arc System Works America (ASW America) is a publisher of Japanese video games and the North American branch of Arc System Works located in Japan. Best known for the Guilty Gear and BlazBlue series, ASW America strives to bring unforgettable experiences to their communities and is deeply involved with sponsoring and hosting eSports tournaments. Let’s all work to create a better world through video games!"}}, {"model": "viewer.developer", "pk": 4, "fields": {"name": "id Software", "website": "https://www.idsoftware.com/en", "about": "We are a studio guided by the basic principle of making the most innovative and immersive worlds possible, powered by leading-edge technology, to deliver an intense gaming experience."}}, {"model": "viewer.developer", "pk": 6, "fields": {"name": "DoubleDutch Games", "website": "https://doubledutchgames.com/page/1", "about": "We are DoubleDutch Games, best known for our hit game SpeedRunners.\r\n\r\nAfter 10 years of SpeedRunners development we're exploring new horizons and we want you to be part of that!"}}, {"model": "viewer.developer", "pk": 7, "fields": {"name": "Arrowhead Game Studios", "website": "https://www.arrowheadgamestudios.com/aboutarrowhead/", "about": "We’re dedicated to creating intensely thrilling and hilarious game experiences. Through games as a medium, we are on a mission to cure loneliness and build bridges, one friendly-fire co-op session at a time. We are a value driven company that strives to become the best co-op studio in the world."}}, {"model": "viewer.developer", "pk": 8, "fields": {"name": "ConcernedApe", "website": "https://www.stardewvalley.net/blog/", "about": ""}}, {"model": "viewer.developer", "pk": 9, "fields": {"name": "Larian Studios", "website": "https://larian.com", "about": "In 1996, in a small office in Ghent, Belgium, Larian Studios was born. Since then, our passion to create a world class video games has driven the Divinity series - six games that straddle multiple genres and defy expectations. Our first crowdfunded success, Divinity: Original Sin, won over 150 awards and nominations, and the recently-released sequel Divinity: Original Sin 2 launched with a 93 Metacritic rating, as well as over 160 awards (Including the Bafta for Best Multiplayer Game) and counting! Thanks to the success of these two games, our family has grown to over 300 people around the world, working in our Ghent, Quebec, Dublin, Kuala Lumpur, Guildford and Barcelona studios. Our latest title Baldur's Gate 3 released in 2023 to critical acclaim and is now listed among Metacritic's Must-Play games."}}, {"model": "viewer.publisher", "pk": 1, "fields": {"name": "Cygames, Inc.", "website": "https://www.cygames.co.jp/en/", "about": "Our vision at Cygames is to be the best in entertainment.\r\nIn pursuit of this, we strive to craft unparalleled experiences that ignite imaginations, tug heartstrings, and inspire new passions. Whether through games, animation, comics, or other mediums, we're committed to sharing these unforgettable moments with the world."}}, {"model": "viewer.publisher", "pk": 2, "fields": {"name": "id Software", "website": "https://www.idsoftware.com/en", "about": "We are a studio guided by the basic principle of making the most innovative and immersive worlds possible, powered by leading-edge technology, to deliver an intense gaming experience."}}, {"model": "viewer.publisher", "pk": 6, "fields": {"name": "tinyBuild", "website": "https://www.tinybuild.com", "about": "tinyBuild makes video games, since 2011\r\n \r\ntinyBuild started as an indie game developer and morphed into a developer publisher you can't miss. Our dedication to creating long-term partnerships and elevating recognizable franchises has resulted in many successful collaborations with talented developers from all over the world. The company has released dozens of games, including Hello Neighbor, Graveyard Keeper, SpeedRunners, and more. Although headquartered in the Seattle Area, USA, the company has established a strong global presence with studios across the US, Netherlands, Latvia, and throughout Eastern Europe.\r\n\r\n \r\n\r\nHistorically, tinyBuild’s focus has been on PC & Console titles. However, we’re always looking for ways to innovate and are open to unconventional opportunities.\r\n\r\n\r\nThe company listed on the London Stock Exchange as TBLD in March 2021."}}, {"model": "viewer.publisher", "pk": 7, "fields": {"name": "Arc System Works", "website": "https://www.arcsystemworks.com", "about": "Arc System Works America (ASW America) is a publisher of Japanese video games and the North American branch of Arc System Works located in Japan. Best known for the Guilty Gear and BlazBlue series, ASW America strives to bring unforgettable experiences to their communities and is deeply involved with sponsoring and hosting eSports tournaments. Let’s all work to create a better world through video games!"}}, {"model": "viewer.publisher", "pk": 8, "fields": {"name": "Playstation Publishing LLC", "website": "https://www.playstation.com/en-us/corporate/playstation-studios/", "about": "We love storytelling, it inspires and drives everything we do. \r\n\r\nThis organization has defined gaming for generations. Our collective of studios and teams span the globe – and together – advance gaming and the positive impact it has on people’s lives.\r\n\r\nPlayStation Studios is the fabric that binds us together, with the boldness and spirit to explore, the passion to invent and reinvent, and the confidence to let imagination lead the way.\r\n\r\nAre you ready to join us?"}}, {"model": "viewer.publisher", "pk": 9, "fields": {"name": "ConcernedApe", "website": "https://www.stardewvalley.net/blog/", "about": ""}}, {"model": "viewer.publisher", "pk": 10, "fields": {"name": "Larian Studios", "website": "https://larian.com", "about": "In 1996, in a small office in Ghent, Belgium, Larian Studios was born. Since then, our passion to create a world class video games has driven the Divinity series - six games that straddle multiple genres and defy expectations. Our first crowdfunded success, Divinity: Original Sin, won over 150 awards and nominations, and the recently-released sequel Divinity: Original Sin 2 launched with a 93 Metacritic rating, as well as over 160 awards (Including the Bafta for Best Multiplayer Game) and counting! Thanks to the success of these two games, our family has grown to over 300 people around the world, working in our Ghent, Quebec, Dublin, Kuala Lumpur, Guildford and Barcelona studios. Our latest title Baldur's Gate 3 released in 2023 to critical acclaim and is now listed among Metacritic's Must-Play games."}}, {"model": "viewer.game", "pk": 1, "fields": {"name": "Doom", "price": 4.99, "release_date": "1993-12-10", "description": "Doom is a 1993 first-person shooter game developed and published by id Software for MS-DOS. It is the first installment in the Doom franchise. The player assumes the role of a space marine, later unofficially referred to as Doomguy, fighting through hordes of undead humans and invading demons.", "system_reqs": "MS-DOS", "updated": "2025-05-21T13:10:03.920Z", "genres": [2, 3], "developers": [4], "publishers": [2]}}, {"model": "viewer.game", "pk": 2, "fields": {"name": "Risk of Rain 2", "price": 19.99, "release_date": "2020-11-08", "description": "Escape a chaotic alien planet by fighting through hordes of frenzied monsters – with your friends, or on your own. Combine loot in surprising ways and master each character until you become the havoc you feared upon your first crash landing.", "system_reqs": "Requires a 64-bit processor and operating system\r\nOS *: Windows 7 or newer, 64-bit\r\nProcessor: Intel Core i5-4670K / AMD Ryzen 5 1500X\r\nMemory: 4 GB RAM\r\nGraphics: GTX 680 / AMD HD 7970\r\nDirectX: Version 11\r\nNetwork: Broadband Internet connection\r\nStorage: 4 GB available space", "updated": "2025-05-12T10:22:37.320Z", "genres": [2, 3], "developers": [1], "publishers": []}}, {"model": "viewer.game", "pk": 3, "fields": {"name": "Granblue Fantasy Versus: Rising", "price": 49.99, "release_date": "2023-12-14", "description": "Rise to the challenge in Granblue Fantasy Versus: Rising! This powered up, revamped sequel to GBVS is more enjoyable and accessible than ever before. With simplified input options, even newcomers can engage in thrilling and strategic matches!", "system_reqs": "OS: Windows 10 (64-bit OS required)\r\nProcessor: AMD FX-4350, 4.2 GHz / Intel Core i5-3470, 3.20 GHz\r\nMemory: 4 GB RAM\r\nGraphics: Radeon HD 6870, 1 GB / GeForce GTX 650 Ti, 1 GB\r\nDirectX: Version 11\r\nNetwork: Broadband Internet connection\r\nStorage: 20 GB available space\r\nSound Card: DirectX compatible soundcard or onboard chipset", "updated": "2025-05-12T15:39:45.234Z", "genres": [2, 4, 5], "developers": [3, 2], "publishers": [1]}}, {"model": "viewer.game", "pk": 4, "fields": {"name": "Speedrunners", "price": 14.79, "release_date": "2016-04-19", "description": "Cut-throat multiplayer running game that pits 4 players against each other, locally and/or online. Run, jump, swing around, and use devious weapons and pick-ups to knock opponents off-screen! One of the most competitive games you'll ever play.", "system_reqs": "OS : Windows XP and up\r\nProcessor: 1Ghz and up\r\nMemory: 3 GB RAM\r\nGraphics: Dedicated video card recommended\r\nNetwork: Broadband Internet connection\r\nStorage: 800 MB available space\r\nAdditional Notes: MAC Users: SpeedRunners runs great in Parallels Desktop", "updated": "2025-05-21T13:22:40.191Z", "genres": [5, 7], "developers": [6], "publishers": [6]}}, {"model": "viewer.game", "pk": 5, "fields": {"name": "GUILTY GEAR -STRIVE-", "price": 39.99, "release_date": "2021-06-11", "description": "The cutting-edge 2D/3D hybrid graphics pioneered in the Guilty Gear series have been raised to the next level in “GUILTY GEAR -STRIVE-“. The new artistic direction and improved character animations will go beyond anything you’ve seen before in a fighting game!", "system_reqs": "OS: Windows 8/10 (64-bit OS required)\r\nProcessor: AMD FX-4350, 4.2 GHz / Intel Core i5-3450, 3.10 GHz\r\nMemory: 4 GB RAM\r\nGraphics: Radeon HD 6870, 1 GB / GeForce GTX 650 Ti, 1 GB\r\nDirectX: Version 11\r\nNetwork: Broadband Internet connection\r\nStorage: 26 GB available space\r\nSound Card: DirectX compatible soundcard or onboard chipset", "updated": "2025-05-21T14:09:06.281Z", "genres": [2, 4], "developers": [3], "publishers": [7]}}, {"model": "viewer.game", "pk": 6, "fields": {"name": "HELLDIVERS™ 2", "price": 39.99, "release_date": "2024-02-08", "description": "The Galaxy’s Last Line of Offence. Enlist in the Helldivers and join the fight for freedom across a hostile galaxy in a fast, frantic, and ferocious third-person shooter.", "system_reqs": "Requires a 64-bit processor and operating system\r\nOS: Windows 10\r\nProcessor: Intel Core i7-4790K or AMD Ryzen 5 1500X\r\nMemory: 8 GB RAM\r\nGraphics: NVIDIA GeForce GTX 1050 Ti or AMD Radeon RX 470\r\nStorage: 100 GB available space", "updated": "2025-05-21T14:16:37.734Z", "genres": [2, 8, 5, 3], "developers": [6], "publishers": [8]}}, {"model": "viewer.game", "pk": 7, "fields": {"name": "Stardew Valley", "price": 13.99, "release_date": "2016-02-26", "description": "You've inherited your grandfather's old farm plot in Stardew Valley. Armed with hand-me-down tools and a few coins, you set out to begin your new life. Can you learn to live off the land and turn these overgrown fields into a thriving home?", "system_reqs": "OS: Windows Vista or greater\r\nProcessor: 2 Ghz\r\nMemory: 2 GB RAM\r\nGraphics: 256 mb video memory, shader model 3.0+\r\nDirectX: Version 10\r\nStorage: 500 MB available space", "updated": "2025-05-21T14:37:42.260Z", "genres": [1, 9, 5, 10], "developers": [8], "publishers": [9]}}, {"model": "viewer.game", "pk": 8, "fields": {"name": "Baldur's Gate 3", "price": 59.99, "release_date": "2023-08-03", "description": "Baldur’s Gate 3 is a story-rich, party-based RPG set in the universe of Dungeons & Dragons, where your choices shape a tale of fellowship and betrayal, survival and sacrifice, and the lure of absolute power.", "system_reqs": "Requires a 64-bit processor and operating system\r\nOS: Windows 10 64-bit\r\nProcessor: Intel I5 4690 / AMD FX 8350\r\nMemory: 8 GB RAM\r\nGraphics: Nvidia GTX 970 / RX 480 (4GB+ of VRAM)\r\nDirectX: Version 11\r\nStorage: 150 GB available space\r\nAdditional Notes: SSD required", "updated": "2025-05-21T14:52:54.174Z", "genres": [1, 12, 11], "developers": [9], "publishers": [10]}}, {"model": "viewer.image", "pk": 2, "fields": {"image": "images/doom.jpg", "game": 1, "description": "Doom"}}, {"model": "viewer.image", "pk": 3, "fields": {"image": "images/speedrunners_CcZao3S.png", "game": 4, "description": "Speedrunners"}}, {"model": "viewer.image", "pk": 4, "fields": {"image": "images/risk_of_rain_2.jpg", "game": 2, "description": "Risk of Rain 2"}}, {"model": "viewer.image", "pk": 5, "fields": {"image": "images/GBVSR_svkzuCD.jpg", "game": 3, "description": "GBVSR"}}, {"model": "viewer.image", "pk": 6, "fields": {"image": "images/ggst.jpg", "game": 5, "description": "GGST"}}, {"model": "viewer.image", "pk": 7, "fields": {"image": "images/helldivers.jpg", "game": 6, "description": "Helldivers 2"}}, {"model": "viewer.image", "pk": 8, "fields": {"image": "images/stardew_valley.jpg", "game": 7, "description": "Stardew Valley"}}, {"model": "viewer.image", "pk": 9, "fields": {"image": "images/bg3.jpg", "game": 8, "description": "Baldur's Gate 3"}}]